topic, word, score
0,arts,0.132423295699499
0,organizations,0.0309398600814854
0,cach,0.0301540871693388
0,symphony,0.0259047567971755
0,groups,0.0251274649846088
0,museum,0.0241518144045142
0,grants,0.0232621420995999
0,council,0.0220712327487217
0,endowment,0.0217398791908164
0,00,0.0193828050105775
0,budget,0.0185053846709659
0,board,0.0179410301811982
0,money,0.0168402336096099
0,percent,0.0166756871382234
0,cultural,0.0160538940704167
0,support,0.0156695291682671
0,director,0.0154138997554789
0,fund,0.0144370338180767
0,institutions,0.0132726649087957
0,orchestra,0.0131333676989981
0,programs,0.0119836212097676
0,funds,0.0113624171705758
0,city,0.0111931821810514
0,fiscal,0.0108237518697768
0,grant,0.01078897011742
0,museums,0.0106709876472423
0,hackney,0.0104617067126333
0,education,0.0100312196099037
0,foundation,0.00985824996977911
0,funding,0.0097535671665887
0,cheney,0.00972903009611801
0,executive,0.00918871258349236
0,program,0.00873924171895931
0,neh,0.0084377735476702
0,humanities,0.00839140065378485
0,president,0.00837214937309621
0,financial,0.00826158130810016
0,chairman,0.00754631317955801
0,community,0.00708383068347809
0,opera,0.00695719138476924
0,hodsoll,0.00684692982101656
0,orchestras,0.00653743916198967
0,organization,0.00641798055591631
0,corporate,0.00607196860674664
0,smithsonian,0.0059051352872452
0,operating,0.00587618330663713
0,committee,0.00585548968924637
0,theater,0.00583088256290555
0,state,0.00581410938859804
0,agency,0.0057715011906538
0,center,0.00571522236384433
0,raising,0.00558857816560771
0,report,0.00553880166432113
0,national,0.00552682748695461
0,increase,0.00543700325995178
0,deficit,0.00523596726065485
0,staff,0.00518545320368413
0,donors,0.00504759814281131
0,stabilization,0.00495380787125233
0,agencies,0.00495178992041562
0,received,0.00481244975905206
0,private,0.00476521283606182
0,mccollam,0.00475474435378854
0,income,0.00470487304577692
0,major,0.00464042397451031
0,foundations,0.00463040522339762
0,nasf,0.00451263385948994
0,trustees,0.00450888393545993
0,budgets,0.00444385814892771
0,ms,0.00443028478149141
0,performing,0.00439381888112995
0,wolfensohn,0.00438407182333706
0,nonprofit,0.00433618676088305
0,motel,0.00432490255190866
0,applications,0.00431158438144956
0,artists,0.00426957967390144
0,tca,0.00404960283473211
0,mayor,0.00402693198178482
0,management,0.00399934448232582
0,expenses,0.00390994888660656
0,institution,0.00389035442064111
0,members,0.00388697523242628
0,projects,0.00380224604728535
0,local,0.00378829837666181
0,awarded,0.00375819637238931
0,corporations,0.0035963070705351
0,task,0.00350173331054416
0,tax,0.00348938933149858
0,administrative,0.0034826692439681
0,government,0.00347643534907424
0,ballet,0.00346109647238234
0,artistic,0.00345152138115128
0,study,0.00332350310418883
0,announced,0.00331054605147155
0,county,0.00329733543514592
0,companies,0.00328034461976809
0,total,0.00327444404808162
0,cachh,0.00325930753988354
0,increased,0.00325660992909593
0,panel,0.00325040634711396
1,music,0.108866871695636
1,jazz,0.077762996338158
1,orchestra,0.0291512579786938
1,musicians,0.0253901685534363
1,blues,0.0250234169355133
1,black,0.022233093347304
1,concert,0.0221262744539442
1,band,0.0189105647210655
1,album,0.0176496730508903
1,classical,0.015637285002577
1,songs,0.0153689477538233
1,musical,0.0140950111760602
1,orchestras,0.0133503759843664
1,composers,0.0128787114392065
1,guitar,0.012088104429905
1,composer,0.0111313088185154
1,symphony,0.0109564078458006
1,piano,0.0102813937556587
1,concerts,0.0102193839337961
1,gospel,0.00989051412204981
1,musician,0.00980786999605747
1,song,0.00978903272074339
1,pianist,0.00941061978840758
1,folk,0.00910598818798908
1,radio,0.00903156038717838
1,mingus,0.00883882857083363
1,ellington,0.00859107121605084
1,rock,0.00837931021183608
1,pbs,0.00829739349945061
1,recording,0.00816593502690566
1,guitarist,0.00806108723856507
1,singer,0.0077730994528802
1,nso,0.00773729373688034
1,saxophonist,0.00757654091254319
1,ayala,0.00683696162111503
1,recordings,0.00682841630124876
1,singing,0.00682690926870776
1,quartet,0.00659529036310707
1,rostropovich,0.00648201757146586
1,slatkin,0.00616528024941252
1,american,0.00608541286291213
1,african,0.00601286256220179
1,conjunto,0.00595598224462765
1,orchestral,0.00593513448874707
1,playing,0.00587329256211997
1,sing,0.00578976288837338
1,mins,0.0057889144473333
1,wuorinen,0.00569021321260192
1,played,0.00568349709272304
1,stations,0.00566899355376084
1,conductor,0.00566703099105013
1,play,0.00560123817546723
1,singers,0.00560117538505777
1,gershwin,0.00555218768796104
1,listeners,0.00532917910835782
1,bajo,0.00523657338666915
1,cajun,0.005225050493362
1,beethoven,0.00522028676425201
1,tejano,0.00518580530028405
1,concerto,0.00511488072567512
1,saxophone,0.00511383884345578
1,doucet,0.00503143958218594
1,marsalis,0.00499288704661098
1,juilliard,0.00486924652480167
1,rhythm,0.00472508873038786
1,untied,0.00470341984351275
1,tunes,0.00463563071717847
1,instruments,0.00462878176357883
1,fiddler,0.00461282061559989
1,young,0.00459493041653975
1,broadcasting,0.00455937298030275
1,television,0.00453773141632399
1,audience,0.00453665899643935
1,cornish,0.004492532822543
1,menard,0.00447712214018024
1,ensemble,0.00447016337613843
1,cephas,0.00445203461602275
1,bassist,0.00444564301856554
1,philharmonic,0.00444246108993936
1,pop,0.00442431940931212
1,accordion,0.00441516956788345
1,khan,0.0043937289786231
1,culture,0.00436353230518706
1,bands,0.00434673049488473
1,lomax,0.00427249003021746
1,station,0.00426948230602771
1,albums,0.00421678415990766
1,gimble,0.00415114366150583
1,kammen,0.00411329243299344
1,maraire,0.00411100262149395
1,tv,0.00405354267735035
1,film,0.00405304328401218
1,sound,0.00401930291360421
1,instrument,0.00393606524456518
1,murrow,0.00388961727982778
1,copeland,0.00387086303553991
1,player,0.00372365242506752
1,cpb,0.00368880612372177
1,bass,0.00367950656003397
1,weta,0.00364621934373207
2,republicans,0.0620401295445028
2,budget,0.0557927982525869
2,senate,0.0535763881514712
2,tax,0.0477726871846759
2,gop,0.0458182175191104
2,republican,0.0424912893964241
2,spending,0.0374389233541435
2,clinton,0.0367068439621184
2,appropriations,0.0327275900127359
2,democrats,0.0311805695443027
2,gingrich,0.0304936426884109
2,house,0.0304472524378014
2,federal,0.0275626202498021
2,medicare,0.0235709925680558
2,vote,0.0229199205011375
2,cuts,0.0219785037175918
2,bill,0.0217118795339481
2,congress,0.020266565593889
2,fiscal,0.0195425039068066
2,percent,0.0192815029342055
2,rep,0.0180969624218887
2,taxes,0.017674069321547
2,cut,0.0174544967406053
2,deficit,0.017141003076988
2,committee,0.0160255356201045
2,government,0.0153033389269964
2,programs,0.0152090649129912
2,armey,0.01384744954053
2,medicaid,0.0134016625952697
2,legislation,0.01330809894132
2,administration,0.0125308425233812
2,r,0.012530130373655
2,amendment,0.0113793167556633
2,congressional,0.011172707675779
2,eliminate,0.0111100431842096
2,reduction,0.0108717178560257
2,increase,0.0108628184697061
2,gorton,0.0106295127554009
2,democratic,0.0105710774404391
2,lawmakers,0.0104824556101811
2,domenici,0.0102312856203445
2,president,0.0100841724932768
2,plan,0.0100378328693358
2,votes,0.00988828670976739
2,veto,0.00971183214793838
2,subcommittee,0.0094056014444955
2,proposed,0.00904727588697971
2,kasich,0.00874233423310458
2,welfare,0.00821028599190464
2,state,0.00815422299354881
2,voting,0.00811934588373214
2,agencies,0.00806900801695784
2,voted,0.00788205722623757
2,bush,0.00780017082724312
2,marlenee,0.00774170244565133
2,democrat,0.00749773276251998
2,newt,0.00731070895590126
2,reform,0.00722341925085284
2,reductions,0.00716245617107146
2,speaker,0.007111053049079
2,funding,0.00701853051516607
2,income,0.00699442528552194
2,services,0.00699166155604579
2,appropriators,0.00697882391998581
2,election,0.00697419467639478
2,gramm,0.00697250523463987
2,sen,0.00686195981049896
2,defense,0.00682389984873846
2,health,0.00674061463015949
2,reduce,0.00639028521314385
2,a1,0.00635650106691519
2,conservatives,0.00632598965313821
2,202,0.0063112729618966
2,savings,0.00630963438773034
2,increases,0.00618329600755172
2,leadership,0.00605547233128286
2,department,0.00599461617098784
2,nv,0.00578283550341495
2,legislative,0.00568351810081088
2,x,0.00566664640916954
2,approved,0.00558150346908817
2,subc,0.00553777072847586
2,leaders,0.00553001093488219
2,majority,0.00545017406790363
2,aid,0.00528795799193196
2,amendments,0.0052526856878584
2,dole,0.00521666009344949
2,housing,0.00519279804723936
2,delay,0.00516587618290956
2,bills,0.00511888062237415
2,balanced,0.00503984651090926
2,negotiators,0.00501995651874486
2,voters,0.00496126372174314
2,moderates,0.00493262674055469
2,agency,0.00491276954411702
2,proposal,0.00473294770879071
2,measure,0.00465216734346266
2,subsidies,0.00462556018054466
2,revenue,0.00450870667372278
2,bipartisan,0.00438312368139786
3,art,0.127758983090901
3,museum,0.0735177999239253
3,gallery,0.0547658810416542
3,artists,0.0533827964850308
3,sculpture,0.0500488508552122
3,artist,0.0335993356051338
3,exhibition,0.0236652361820586
3,sculptures,0.017516160594116
3,exhibit,0.0173997083994154
3,work,0.0157566856421173
3,curator,0.013802677377024
3,paintings,0.0136839569981024
3,works,0.0135897871066955
3,show,0.0119100289459065
3,collection,0.0115369058823677
3,wpa,0.0112053982757325
3,galleries,0.0112017974908643
3,glass,0.0110632430813921
3,painting,0.0110630952403458
3,corcoran,0.0102176968736261
3,design,0.0102172798225826
3,exhibitions,0.00943857650268172
3,contemporary,0.00940911940431876
3,visual,0.0084248349388757
3,sculptor,0.00839527908776745
3,museums,0.00826837123650442
3,pieces,0.00770997717705285
3,installation,0.00770706157339213
3,piece,0.0068334501938272
3,display,0.00673488549382355
3,crafts,0.00655889501976958
3,artwork,0.0064785979121728
3,building,0.00613481235293764
3,space,0.00612714845386881
3,puryear,0.00610951840799434
3,foot,0.00596466963457686
3,bronze,0.00578643228049336
3,curators,0.00566801615562359
3,serra,0.0056429583538198
3,project,0.00560860596189621
3,public,0.00551920305225936
3,arts,0.00545860072998422
3,steel,0.00544173159386006
3,maki,0.00529472777294474
3,architecture,0.0052086169771795
3,painter,0.00518311972222428
3,holzer,0.00514949733690345
3,painted,0.00514598941462683
3,studio,0.00508500103576538
3,ceramic,0.00505777878576051
3,collectors,0.00496136458391698
3,objects,0.00491408994869063
3,drawings,0.00479738593435001
3,furniture,0.00465892314175607
3,ceramics,0.00452196295880852
3,garden,0.00447508119376291
3,prints,0.00439744417177816
3,installed,0.00433822552497462
3,wood,0.00423571709467167
3,street,0.00423057884841834
3,chihuly,0.00416648939612104
3,sculptors,0.0041315312600008
3,materials,0.0040908204792519
3,craft,0.004065928198585
3,commission,0.00404174486449794
3,walls,0.00403761469694983
3,northwest,0.00402101074497077
3,metal,0.00401434561500902
3,neon,0.00399821605511842
3,spaces,0.00389058354455652
3,sculptural,0.00374222363516474
3,collections,0.00371687044541651
3,installations,0.00368177873416854
3,armajani,0.00365913829215871
3,center,0.00364933431569034
3,architectural,0.0036237877343269
3,broun,0.0036069727795585
3,abstract,0.00355038460413511
3,artworks,0.00354767826166639
3,color,0.00342645837378706
3,hirshhorn,0.00340986015219118
3,surls,0.00336547054250283
3,plaza,0.00336134752925564
3,juried,0.00334735927519978
3,ruffner,0.00329063818614285
3,photography,0.00324652828085101
3,borofsky,0.00323634399923767
3,site,0.00322120424129715
3,auction,0.00317792279704659
3,landscape,0.00317389144074092
3,wall,0.00317065259371837
3,nw,0.00312338467794027
3,murals,0.00308137057508153
3,avenue,0.00306315903052236
3,kucera,0.00296061381912407
3,whitney,0.00293458988814965
3,lewitt,0.0028987978296349
3,acrylic,0.00289330460158339
3,watercolors,0.00287778630315737
3,decorative,0.00286913630886951
4,county,0.0587381651376777
4,city,0.0480538535405551
4,park,0.0284851308324032
4,council,0.024219615728457
4,building,0.0209924656249169
4,mural,0.019943342010545
4,commission,0.0199179482424693
4,center,0.0194000478287025
4,downtown,0.0190029623602647
4,school,0.0163896601849764
4,murals,0.0145111422580282
4,design,0.0140933107621687
4,street,0.0128168525141859
4,community,0.0123053041565881
4,buildings,0.0123030324511296
4,district,0.0122038413061862
4,project,0.0118483987413669
4,construction,0.0112864608234808
4,redmond,0.0111912610150084
4,residents,0.0111067197099267
4,anc,0.0108108882426916
4,kent,0.00915297445943537
4,area,0.00908930474246123
4,site,0.00896569079926692
4,nw,0.00840465161280676
4,students,0.00789137127206761
4,loudoun,0.00758648792972969
4,parking,0.00753849040521575
4,town,0.00748055497721907
4,zoning,0.00736154147444043
4,mayor,0.00736141515915615
4,king,0.00712249192435893
4,parks,0.0071057520392243
4,library,0.00699851841375763
4,public,0.00695425568577118
4,elementary,0.00694807138144879
4,metro,0.00679473939468959
4,plan,0.00655785957633755
4,historic,0.00655366201117592
4,avenue,0.00641734111349115
4,neighborhood,0.00640512029178893
4,square,0.00604863623112618
4,architecture,0.00598069629121443
4,property,0.00596799735512228
4,leesburg,0.0058904214860891
4,projects,0.00584338416132523
4,recreation,0.00575336380965517
4,schools,0.00572108748887099
4,edmonds,0.00567387837603231
4,architects,0.00566473438565601
4,portland,0.00562280329918993
4,proposed,0.00554932914218677
4,developers,0.00544002830640673
4,architectural,0.00538682553185105
4,facility,0.00534143194512429
4,housing,0.00533568596216677
4,statue,0.00533152254004557
4,officials,0.00529598860491906
4,westlake,0.00520752772416337
4,arts,0.00511776145213651
4,lynnwood,0.00506666393705793
4,department,0.00503680553873809
4,montgomery,0.00503597609155442
4,hotel,0.00497317511155923
4,hall,0.00495195956047373
4,board,0.00483838304331212
4,residential,0.00479366888922966
4,program,0.00470737741631644
4,development,0.00460025762795511
4,kaskey,0.0045828673269856
4,prince,0.00453445816860095
4,river,0.00451255068124303
4,everett,0.00428528126651885
4,foot,0.00426844249555495
4,proposal,0.00421363599713844
4,streets,0.00420443952919942
4,renovation,0.00420037460743939
4,zgf,0.00418554777433142
4,rockville,0.00414337569277314
4,built,0.0040771345912815
4,frasca,0.00407171161204151
4,ordinance,0.00398125792273277
4,ballston,0.00389187745406794
4,space,0.00384646352584175
4,enumclaw,0.00383351050477417
4,renton,0.00380012508164294
4,businesses,0.00378100078394117
4,cost,0.00377695956079229
4,office,0.00366901787334129
4,councilman,0.00362826930341069
4,local,0.003540342113928
4,eastside,0.0035381394463775
4,facilities,0.00352447438963761
4,transit,0.00350872150972218
4,land,0.0034806573238425
4,tukwila,0.00346343865015338
4,urban,0.00345077821055537
4,convention,0.00341057786199863
4,herndon,0.00336084903036763
4,volunteers,0.00329235302841991
5,abortion,0.0458909826739972
5,helms,0.035497323271669
5,republican,0.0311699665704497
5,bush,0.0257138669213018
5,buchanan,0.0252372656882194
5,conservatives,0.019320138715389
5,gantt,0.0190065956916797
5,conservative,0.0173516528678127
5,political,0.0169269426826855
5,dole,0.0152885046879451
5,party,0.0141539787711408
5,democratic,0.014133198036776
5,democrats,0.0140646363729093
5,government,0.0138666606097869
5,republicans,0.0129782067662696
5,liberal,0.0127944412356378
5,right,0.0126598057260934
5,constitutional,0.0110660045890569
5,speech,0.0110112594895721
5,gop,0.0110051863831413
5,religious,0.0109921060153155
5,rights,0.0105763652493595
5,voters,0.0101343074163262
5,issues,0.00987109317449502
5,liberals,0.00968728436509176
5,christian,0.00954850222082647
5,campaign,0.00944856823251084
5,coalition,0.00933382789808971
5,amendment,0.00891208175720773
5,election,0.00867387191143978
5,dobson,0.00860833091122505
5,sex,0.00833910267579448
5,norquist,0.00813953764359194
5,politics,0.00808671984323913
5,candidates,0.0078680453375774
5,race,0.00776773949188273
5,platform,0.00760549307445462
5,values,0.00739612440893411
5,moral,0.00716638502107716
5,issue,0.00710430780236378
5,polls,0.00635614241678061
5,candidate,0.00614206125928632
5,gay,0.00613092638002269
5,americans,0.00588165006922794
5,senator,0.0058302627790009
5,welfare,0.00575193097045716
5,homosexuals,0.0057451791972839
5,lind,0.00555763158212452
5,president,0.00549014022044639
5,social,0.00540396631313266
5,censorship,0.00525746894134675
5,anti,0.00521953679542782
5,family,0.00505374356066857
5,abortions,0.00503704092207681
5,jesse,0.00499707914180179
5,carolina,0.0049898418756268
5,reagan,0.00492255878950276
5,schools,0.00472158964917448
5,education,0.00466570323389422
5,pornography,0.00465189554916888
5,students,0.00452751277195205
5,agenda,0.00444786338773052
5,baptists,0.00441989188741743
5,civil,0.00436173027191963
5,america,0.00424960049902143
5,public,0.00424669493560267
5,gingrich,0.00423287226897597
5,school,0.00418981584077076
5,branstad,0.00411651859874601
5,vote,0.0041153654379955
5,state,0.00397546044433949
5,church,0.00392716415534247
5,inslee,0.00392568535640815
5,court,0.00389903874336129
5,prayer,0.00381995929782413
5,democrat,0.00376640901275803
5,elections,0.00373601946122395
5,hagelin,0.00368508737065451
5,reform,0.00368116242931038
5,homosexual,0.00361481908917363
5,presidential,0.0036092514844214
5,robertson,0.00358594163043049
5,north,0.00357622973282004
5,christians,0.00356896867525716
5,homosexuality,0.00355385941944022
5,democracy,0.00346179877367883
5,politicians,0.00345321319795627
5,policy,0.00341631345419828
5,sexual,0.00341430720651348
5,women,0.00340139332539497
5,convention,0.00338641857898995
5,flag,0.00336511848109834
5,morality,0.00336437699251131
5,reed,0.0033556636723725
5,pro,0.00333059261054328
5,mawyer,0.00330696082316337
5,newt,0.00327722057162546
5,ban,0.00325868684989744
5,religion,0.00316282783608006
5,debate,0.00315847662220869
6,art,0.0371384769728663
6,paintings,0.0335569648907753
6,exhibition,0.0309683799434999
6,painting,0.0252705929185145
6,museum,0.0244866569828976
6,show,0.0169805938378716
6,century,0.0156297669276824
6,painted,0.0132096961144128
6,objects,0.0130184401137672
6,pictures,0.0119247279447088
6,images,0.0113202975314946
6,catalogue,0.0110304545523905
6,picasso,0.0108901307447188
6,gallery,0.0100996246657032
6,monet,0.00958622460866434
6,portraits,0.00890007058968447
6,vermeer,0.00879343753135171
6,painter,0.00878803079486118
6,mapplethorpe,0.0084247026975747
6,artist,0.00840271711738195
6,braque,0.00792201160428896
6,abstract,0.00788034745796277
6,portrait,0.0078402928000059
6,curator,0.00734363501920431
6,works,0.00714304755129244
6,photographs,0.00684160117801726
6,retrospective,0.00683423751719707
6,matisse,0.00680895186239223
6,berlin,0.00641741671907099
6,boccioni,0.00614938631561656
6,gogh,0.00591601713835178
6,polke,0.00557612451480987
6,cadmus,0.00557335885795613
6,exhibit,0.00550943566171911
6,19th,0.00545737035252964
6,modern,0.00518217102729998
6,drawings,0.00511167844062553
6,color,0.0050977323103226
6,paris,0.00498268233590945
6,mondrian,0.00488783362389877
6,twombly,0.00484960050005264
6,cezanne,0.00469301131814305
6,collection,0.00468590329708596
6,sabah,0.00466860154755568
6,landscapes,0.00458506560704222
6,codman,0.00457659952492052
6,michelangelo,0.00449687655880824
6,museums,0.00441588578762061
6,painters,0.00439429943265397
6,photography,0.00437825140048689
6,miro,0.00434234497323154
6,french,0.00430448787105701
6,boilly,0.00428269983565188
6,black,0.00425548338859712
6,de,0.00413798875937704
6,view,0.00409268436041685
6,morrisroe,0.00408716875193355
6,zurbaran,0.00402340532777322
6,colescott,0.00400482399256882
6,jimenez,0.00399431918992532
6,manet,0.00389309004123859
6,canvases,0.00389099404273085
6,bonnard,0.00381626719729826
6,german,0.00381260426937058
6,japanese,0.00380608285917453
6,nudes,0.0037876827641562
6,brushwork,0.00377908499819232
6,paint,0.00375391887031687
6,artists,0.00372619697975175
6,mcelroy,0.00362787504128549
6,courbet,0.00356146204106739
6,vuillard,0.00352797647677032
6,nauman,0.00347805457045832
6,france,0.00347614717924464
6,plaster,0.00347014677659566
6,bearden,0.00345791984881224
6,world,0.00341708712323222
6,viewer,0.00340859498632821
6,sotheby,0.00339842527769862
6,cubism,0.00338739133796117
6,expressionism,0.00337976893612406
6,abstraction,0.00334505420013347
6,emperor,0.00334480802335293
6,mies,0.00331850237602202
6,corcoran,0.00330472453087097
6,lomas,0.00329700533896219
6,dutch,0.00316391561943587
6,vaquero,0.00315476821109247
6,london,0.00312779692231498
6,kooning,0.00309152250583024
6,nazca,0.00308096241391553
6,colors,0.00301834231099632
6,work,0.0029970571087676
6,canvas,0.00295838347775218
6,jaar,0.00295743876126074
6,cubist,0.0029450866132353
6,canaletto,0.00294324905549716
6,cassatt,0.00293211110827782
6,nude,0.00291642975173884
6,landscape,0.00290439181210111
7,film,0.0391854680577853
7,poetry,0.025190549871906
7,book,0.0214438832260758
7,writers,0.0163051183472358
7,poet,0.0151371821046385
7,poems,0.0150783199955051
7,novel,0.0134920110459941
7,films,0.0120769387697532
7,poets,0.0120306084803262
7,writing,0.0120169373164209
7,literary,0.011724405318396
7,fiction,0.0110496007983981
7,movie,0.00994384069923597
7,books,0.00956476167262596
7,story,0.00955443959896351
7,writer,0.00935859292227549
7,mins,0.00838781439141101
7,stories,0.00835276713619787
7,mother,0.0072302304806835
7,father,0.0070243339413641
7,poem,0.00599029131434792
7,alexie,0.0058029118320961
7,love,0.00580025522167125
7,zigun,0.00579947977776807
7,characters,0.00578063796155458
7,ms,0.00572447335684948
7,published,0.00554757705637996
7,yaak,0.00539163881751241
7,linklater,0.00510784173774928
7,write,0.00510259015191969
7,theremin,0.00509348142844469
7,documentary,0.00501834719779006
7,shacochis,0.00491505422764821
7,sakya,0.00486146219424886
7,graney,0.00479256963406589
7,read,0.00467559927833913
7,reading,0.00442407867576095
7,author,0.00417068172304574
7,sapphire,0.00407422490345044
7,literature,0.00393321492929527
7,wiseman,0.00386764436571436
7,filmmakers,0.003865533422355
7,wyler,0.00358407208436196
7,novelist,0.00349957320738672
7,family,0.0034941690493983
7,siff,0.00346487662371301
7,coney,0.00343418966890796
7,short,0.00329640098137654
7,novels,0.00325424012726893
7,tuna,0.00322051530979283
7,mille,0.00318989224933529
7,carver,0.00315622273318794
7,comedy,0.00309114724102848
7,award,0.00305900573258312
7,prize,0.00304987555371947
7,tales,0.00300523755189333
7,movies,0.00296904728884828
7,publishers,0.00288369501912176
7,world,0.00287302213989567
7,young,0.00287273482878133
7,knopf,0.00286591310268155
7,iguana,0.00285499212466148
7,soltes,0.0027906442481511
7,press,0.00278335088258621
7,publishing,0.00275469733314848
7,readings,0.00274306747352425
7,girl,0.00268121064181983
7,tale,0.00264869451364376
7,filmmaker,0.00264293564525438
7,english,0.0025876883345523
7,didn,0.00254484522712791
7,poison,0.00251460386826408
7,script,0.00251401198637317
7,hamill,0.00248456240831144
7,tibetan,0.00247812842054427
7,lives,0.00247339650168692
7,boy,0.00244933998307338
7,egyptian,0.00242134574429414
7,wagoner,0.00240800321879799
7,harley,0.00234530564676643
7,work,0.00233608827024082
7,cinema,0.00231680788018649
7,zaloom,0.00227905835841337
7,bass,0.00226722514341208
7,home,0.00224242903674113
7,laureate,0.00223092821261139
7,childhood,0.00221251804318356
7,kids,0.0021822208158629
7,tibet,0.00217584652749292
7,janowitz,0.0021702077438912
7,writes,0.00216055674090213
7,video,0.00215446432799047
7,sears,0.00213975201915523
7,authors,0.00212153503421027
7,driver,0.00210927766062956
7,son,0.00208943116571423
7,daughter,0.00208257274866914
7,storytelling,0.00206425789102329
7,finley,0.00206198128043581
7,sundance,0.00205537689337411
8,nea,0.183855879721042
8,frohnmayer,0.0797325149204724
8,endowment,0.072833810061572
8,helms,0.0452546896894704
8,arts,0.0401972963783151
8,mapplethorpe,0.0392543771918505
8,senate,0.0353534206786707
8,amendment,0.0314200636829242
8,art,0.0312507305910361
8,obscene,0.0294575081661374
8,radice,0.02751959345917
8,agency,0.0273592885384758
8,artists,0.0256396741241536
8,appropriations,0.0246960100331158
8,obscenity,0.0244056899061859
8,grants,0.0233313281027221
8,serrano,0.021814004013583
8,congress,0.0215029042575702
8,funding,0.02124522509578
8,yates,0.0209646366287184
8,subcommittee,0.0202288175632947
8,corcoran,0.0191508380850819
8,reauthorization,0.0189779756434093
8,grant,0.0174583291167493
8,federal,0.0168458302238643
8,legislation,0.0165691959367855
8,chairman,0.0159684791187483
8,y,0.0146461762513884
8,decency,0.0145616417453663
8,rep,0.0136660807783588
8,rohrabacher,0.0135749706344448
8,sen,0.0134816750975454
8,cahall,0.0128889809517096
8,artistic,0.0124026059734693
8,yesterday,0.0122175112158329
8,regula,0.0115030467442255
8,restrictions,0.0114410499878311
8,congressional,0.0113042010856791
8,vote,0.0111099735975645
8,censorship,0.0111069582598358
8,wildmon,0.011013988705458
8,orr,0.0104411021040051
8,r,0.0102011211956424
8,panel,0.0100601693306578
8,offensive,0.00989970531205846
8,murals,0.00969871925550093
8,controversial,0.00931661646421555
8,support,0.00925638751878423
8,alexander,0.00923685574530001
8,finley,0.00918265446342002
8,decision,0.00914872057726885
8,house,0.00914684483364171
8,debate,0.009128620772969
8,controversy,0.00843038165679377
8,spafford,0.00834789609530423
8,exhibit,0.00817291215570829
8,republican,0.00810438132359743
8,political,0.0080380503381831
8,committee,0.00798245441384701
8,council,0.00771862220416819
8,athey,0.00755666879717166
8,jesse,0.00749848303480623
8,urine,0.00747671508401966
8,conferees,0.00730709296701934
8,armey,0.00728605186863652
8,indecent,0.00694609941493933
8,bill,0.00678612690064476
8,national_endowment_arts,0.00666858464754493
8,andres,0.00664918498649511
8,members,0.00659709695897609
8,government,0.00625569574704241
8,crucifix,0.00619938123289806
8,senator,0.0061002660640928
8,homoerotic,0.00608161896955063
8,expression,0.00606845509951245
8,approved,0.00606788826431501
8,artist,0.00602134311176381
8,gunderson,0.00580746685896433
8,felzenberg,0.005804014902162
8,funds,0.00569613606963405
8,photographs,0.00568476680406449
8,court,0.00563428410063334
8,reauthorize,0.0056069459322575
8,voted,0.00556494947456007
8,senators,0.00553884281669463
8,pornography,0.00545605025697367
8,n,0.00542559544101086
8,bush,0.00542305202344863
8,neh,0.00541014518446543
8,hughes,0.0053899945986231
8,appropriation,0.00538063085675036
8,language,0.00522162463347416
8,conservatives,0.00518176044020948
8,money,0.00505863161565365
8,agencies,0.0049827767342968
8,explicit,0.00496657580345366
8,sexual,0.00489221446065877
8,wojnarowicz,0.00481782710495124
8,endowments,0.00480480269271559
8,peer,0.00478878647201079
9,bush,0.0314664533548575
9,clinton,0.0279800493700675
9,buchanan,0.0163921947464988
9,president,0.0155450040904237
9,aids,0.0130694956107235
9,quayle,0.0122780348388447
9,nbc,0.012174277510737
9,actor,0.0113104933992546
9,tsongas,0.0110245902246143
9,cbs,0.00951769871099271
9,abc,0.00941979594002065
9,channel,0.00908359565527832
9,actress,0.00877571480535785
9,tv,0.00835068642437083
9,cc,0.00799684532475239
9,movie,0.00781803184782106
9,hollywood,0.00692035637398932
9,kerrey,0.00656325641209876
9,albee,0.00646233179721491
9,campaign,0.00638711987285432
9,gore,0.00626761817643195
9,dukakis,0.00620320659015515
9,perot,0.00574262296211777
9,weinschel,0.00572177115085432
9,night,0.00567075695984459
9,hillary,0.00521639699815086
9,letterman,0.00519928039950032
9,gay,0.00506917577646312
9,celebrity,0.00506101640573059
9,cnn,0.00500316211748452
9,oscar,0.00490365843295786
9,yesterday,0.00484064610044941
9,monette,0.00476700046087429
9,star,0.00474650588332438
9,calendar,0.00467196192331709
9,wife,0.00464999804372052
9,reeve,0.00464490416151029
9,news,0.00459615306470843
9,pomegranate,0.00451887377130201
9,show,0.00447476049148295
9,hwpc,0.00435160148621021
9,ntd,0.00434516371551502
9,reagan,0.00421999093047367
9,york,0.00416679137271943
9,presidential,0.00415395906488634
9,stars,0.00391677801593283
9,sen,0.00375423245812722
9,celebrities,0.00373380169589842
9,producer,0.00360953038547965
9,feigen,0.00353918184427164
9,white,0.00351694954970084
9,villella,0.00350151428434565
9,tipper,0.00349242468392413
9,movies,0.00343622312780845
9,kennedy,0.0033912619984706
9,husband,0.00331681549567304
9,cancer,0.00316843530809518
9,lady,0.0031602371647895
9,secretary,0.00309190252790101
9,vice,0.00307911562957832
9,sinatra,0.00306236717180884
9,bissell,0.00304256463642466
9,magnuson,0.00301391182813891
9,olmos,0.00293090437468905
9,playwright,0.00292593082488803
9,streisand,0.00288838421180468
9,kushner,0.002869982499366
9,medal,0.00284453186376375
9,machado,0.00269908774036525
9,broadway,0.00268564080409589
9,danson,0.0026785697787665
9,carville,0.00266716017379548
9,guests,0.00265907788243447
9,dinner,0.00265782638112548
9,honorees,0.00260282028457669
9,television,0.00257109664708384
9,newsmakers,0.0025396202410095
9,gump,0.00251701302002422
9,hays,0.00251390035385989
9,son,0.00249376119828854
9,nixon,0.00248195749824215
9,sondheim,0.00247605981003949
9,horton,0.00244796735088374
9,house,0.00244629021959487
9,roper,0.00244507279147159
9,wilde,0.00243963202158717
9,political,0.00242534078457026
9,murder,0.0024011480271278
9,george,0.00240020630463168
9,trudeau,0.00239702640624449
9,ratings,0.00238658535680927
9,harkin,0.00236535241237462
9,democratic,0.00234042925810819
9,story,0.0022793304358371
9,caucuses,0.002268713337451
9,wedding,0.00225641973497354
9,oscars,0.00220355082216407
9,presidency,0.00219758800451251
9,love,0.00219238285238974
9,nomination,0.00216767634987042
10,theater,0.121107906441322
10,festival,0.0428662931858348
10,theatre,0.0428589782470201
10,dance,0.0408782209487124
10,ballet,0.0338545822828282
10,opera,0.0288929272796028
10,company,0.0266983354174415
10,music,0.0246505329399675
10,tickets,0.022950950885145
10,season,0.0227245747065452
10,concert,0.0221693659076478
10,orchestra,0.0219677343890495
10,musical,0.0188618105639296
10,symphony,0.0188491538456678
10,broadway,0.0180398575033256
10,production,0.0151126126797597
10,dancers,0.0147187803998316
10,performances,0.0143761919164947
10,play,0.0137609307779916
10,performance,0.0126391070869703
10,productions,0.0123397842213101
10,premiere,0.0119100461443765
10,plays,0.0118357759714042
10,center,0.0117442459721576
10,theaters,0.0117116325943109
10,ensemble,0.0112032166461968
10,repertory,0.0110209484149556
10,stage,0.010522910198915
10,troupe,0.0100663751912852
10,concerts,0.00989912365147223
10,actors,0.00959633722097664
10,artistic,0.00898486010313935
10,saturday,0.00881275104164933
10,director,0.00829392796485833
10,hall,0.00827497595574104
10,shakespeare,0.00816351072032015
10,performing,0.0081496863285174
10,730,0.00803581574185611
10,hgo,0.00803297072283737
10,playwrights,0.00790694795076523
10,arts,0.00775226988675447
10,gockley,0.00767906813941473
10,information,0.00718613073385509
10,playhouse,0.00704744005589105
10,sunday,0.00690640733507727
10,musicals,0.00630830764392489
10,choreographers,0.00625446678844782
10,pianist,0.00620122278922812
10,perform,0.00608451909433086
10,choreographer,0.00607845063769008
10,intiman,0.00605120955010915
10,balanchine,0.0059909001769607
10,22,0.00598506015176454
10,pnb,0.00580630206408879
10,composer,0.0057338711092295
10,mozart,0.00570996534100545
10,oct,0.00570964352004894
10,soprano,0.00559601990204094
10,singers,0.00540869985515346
10,program,0.00538338029447783
10,performed,0.00530586243573058
10,choreography,0.00508276482945401
10,call,0.00507971223955537
10,audiences,0.00505715295413396
10,playwright,0.0050055099907242
10,choral,0.0050009801163075
10,jazz,0.00496499924693602
10,recital,0.00495967033003595
10,noon,0.00492689729878273
10,free,0.00482716929822554
10,series,0.00476097444020755
10,rehearsal,0.00470490857582475
10,joffrey,0.00468607316380481
10,rehearsals,0.00459891150413478
10,workshop,0.00458843440289115
10,northwest,0.00455508239842369
10,companies,0.00453417144913113
10,830,0.00450604650854677
10,performers,0.00448821672868969
10,premieres,0.00442181179186725
10,chamber,0.00438959183037977
10,aug,0.00438273846501693
10,dancer,0.00435760285992292
10,conductor,0.00426998342781863
10,saturdays,0.00425259909269048
10,theatrical,0.00416966904528851
10,bathhouse,0.00415749287396794
10,audience,0.00410840041190573
10,ailey,0.00400605091202856
10,comedy,0.00391163578788482
10,street,0.0038752884073696
10,show,0.00386521698281384
10,friday,0.00384525367767747
10,actor,0.00381290618580409
10,july,0.00375278514750335
10,schwarz,0.00375196500420419
10,rep,0.00374616009448417
10,tuts,0.00371101460782144
10,piano,0.00366124689665619
10,works,0.00364777594360196
11,don,0.0149381812273085
11,work,0.00863567034885187
11,money,0.00623696852516243
11,art,0.00489457321576704
11,artists,0.0039670733229124
11,world,0.00375428328306435
11,public,0.00365553981132635
11,book,0.00357395580166121
11,york,0.00354396222492336
11,rice,0.00352033404200448
11,times,0.00326109580060244
11,didn,0.00288882218827465
11,film,0.00286960810355968
11,give,0.00280753876861089
11,support,0.00279357454445947
11,put,0.0026339738680913
11,school,0.00260468722670115
11,set,0.00257735477890402
11,idea,0.00248232717093506
11,high,0.0024748942813823
11,right,0.00245317988632075
11,story,0.00242819116470675
11,00,0.00240315560440851
11,best,0.00236054074936421
11,different,0.00234149668806173
11,american,0.00233403496204417
11,better,0.00231464015786348
11,come,0.00224987179666865
11,photo,0.00223877903316994
11,director,0.00219829526932883
11,children,0.00216801710834097
11,home,0.00216525397120684
11,run,0.00216314640750301
11,plans,0.00215783035383533
11,place,0.00208906746777587
11,hour,0.00202663467472288
11,room,0.00197985901245392
11,wrote,0.00197657326455396
11,project,0.00193646344457674
11,great,0.00193378990290393
11,students,0.00192777980409867
11,left,0.00189021821967749
11,state,0.0017376842473184
11,include,0.00171719173597726
11,series,0.00171121104917137
11,national,0.00169289680324779
11,day,0.00167537439095079
11,use,0.0016744934836912
11,real,0.00167411126554861
11,name,0.00166085859641637
11,society,0.00163586923582201
11,making,0.00159317186299865
11,job,0.00156025445417159
11,months,0.00155926020639306
11,black,0.00153623680003575
11,ms,0.00153471550188939
11,texas,0.00151843291798629
11,company,0.00151732845380722
11,done,0.00151034021191714
11,writer,0.00150321618362207
11,films,0.00149316936082125
11,performance,0.00146275208499992
11,month,0.00142329098252171
11,small,0.00139255818245442
11,away,0.00138315684042708
11,started,0.00137688835821155
11,members,0.00136808381465687
11,known,0.00136201684686546
11,written,0.00135919988729766
11,full,0.00135599920252101
11,writing,0.00133650483434652
11,weeks,0.00130557140553092
11,creative,0.0012983876231603
11,sales,0.00129399910652315
11,getting,0.00128415563774441
11,love,0.00127553006977401
11,office,0.00126969020489883
11,went,0.00126398336691147
11,works,0.00125881835527064
11,shows,0.00124760300885146
11,space,0.00122472075921587
11,hands,0.00121164606263523
11,believe,0.0012018906686319
11,history,0.00119226206470645
11,san,0.0011798784156108
11,community,0.00117785630219313
11,turn,0.00117564713238253
11,city,0.00116916404186815
11,stage,0.00116621289186356
11,kind,0.00115887230479625
11,experience,0.00115546079426435
11,mind,0.00115453785329007
11,play,0.00114755120947286
11,business,0.00113732942122304
11,kennedy,0.00113390609148554
11,scene,0.00112857405024689
11,page,0.00112308645973464
11,king,0.00111377106045716
11,goes,0.00110667215663777
11,international,0.00110530610580925
