"topic","weight","doc"
1,0.8514,25416
1,0.8389,11680
1,0.808,38414
1,0.799,40146
1,0.7851,22297
1,0.784,30089
1,0.7796,27224
1,0.7792,30793
1,0.7787,36061
1,0.7724,39424
1,0.7713,28254
1,0.7659,32614
1,0.7633,29015
1,0.7552,12638
1,0.7538,15160
1,0.7469,11040
1,0.7469,14031
1,0.7412,10160
1,0.7389,21083
1,0.7351,10028
1,0.7348,38562
1,0.7315,23162
1,0.7305,9551
1,0.7299,10130
1,0.7267,29974
1,0.7267,30917
1,0.7253,26087
1,0.721,17351
1,0.7207,37456
1,0.7178,9878
1,0.7153,33387
1,0.7153,37767
1,0.7148,30540
1,0.7124,39187
1,0.7114,35484
1,0.7108,38916
1,0.7042,26127
1,0.702,33894
1,0.702,37553
1,0.6994,20145
1,0.6966,26466
1,0.6966,40220
1,0.6961,30482
1,0.6936,27688
1,0.6927,21406
1,0.6894,15030
1,0.6886,23358
1,0.6871,32399
1,0.6867,27946
1,0.6827,11821
2,0.7713,5614
2,0.7569,6650
2,0.7358,8437
2,0.7222,6104
2,0.7099,2380
2,0.7092,5188
2,0.6833,8368
2,0.6828,5849
2,0.6808,6288
2,0.6759,34038
2,0.6722,29320
2,0.6609,8218
2,0.6609,10425
2,0.6583,30763
2,0.6505,5788
2,0.6439,7423
2,0.6361,12618
2,0.6354,7875
2,0.627,1183
2,0.6204,6702
2,0.6204,7740
2,0.6159,2583
2,0.6159,2999
2,0.6159,22581
2,0.6139,2790
2,0.6111,36739
2,0.6111,12865
2,0.6083,4329
2,0.6083,8094
2,0.6083,37911
2,0.6083,31056
2,0.6056,14106
2,0.6056,35865
2,0.6048,38022
2,0.6042,6266
2,0.599,2533
2,0.5957,34637
2,0.5952,30371
2,0.594,29473
2,0.5931,8379
2,0.5915,3797
2,0.5903,655
2,0.5903,3208
2,0.5903,3989
2,0.5889,4165
2,0.5868,8052
2,0.586,17129
2,0.5846,28633
2,0.5833,14156
2,0.5833,20588
3,0.8686,30993
3,0.8494,18202
3,0.8411,24034
3,0.838,25655
3,0.838,36797
3,0.837,20144
3,0.8333,12659
3,0.8285,16604
3,0.8248,19322
3,0.8177,23022
3,0.8153,16504
3,0.8141,18287
3,0.8141,29694
3,0.8067,16235
3,0.8067,21501
3,0.803,39310
3,0.7992,38752
3,0.799,12902
3,0.7989,20405
3,0.7986,10842
3,0.7939,13223
3,0.793,12140
3,0.7887,28688
3,0.7883,29145
3,0.7883,39070
3,0.784,25870
3,0.784,28351
3,0.7804,15924
3,0.7796,22453
3,0.7796,38238
3,0.7792,25771
3,0.7792,35511
3,0.7787,36760
3,0.7762,17305
3,0.7722,15481
3,0.7722,21787
3,0.7722,29696
3,0.7722,36939
3,0.7713,20493
3,0.7705,27928
3,0.7698,22052
3,0.7698,26812
3,0.7698,31108
3,0.7696,25190
3,0.7695,32002
3,0.7667,31916
3,0.7667,35191
3,0.7667,36938
3,0.7667,37418
3,0.7645,32123
4,0.866,12376
4,0.8268,9448
4,0.8178,28546
4,0.816,37877
4,0.8159,9162
4,0.8132,28422
4,0.8048,36052
4,0.8042,10403
4,0.7989,28083
4,0.7986,36904
4,0.7966,17970
4,0.7966,18005
4,0.7946,17510
4,0.7858,36617
4,0.7839,23192
4,0.7839,30870
4,0.7838,23122
4,0.7815,26061
4,0.7799,24547
4,0.7792,12887
4,0.7789,12425
4,0.7769,33436
4,0.7765,13010
4,0.7765,23150
4,0.7762,18020
4,0.7756,33615
4,0.7722,12826
4,0.7711,26297
4,0.7708,38658
4,0.7667,38380
4,0.7659,5609
4,0.7659,16022
4,0.7655,31229
4,0.7644,37653
4,0.7633,35940
4,0.7629,15603
4,0.7602,13267
4,0.7593,39180
4,0.759,29511
4,0.7583,38350
4,0.756,39299
4,0.756,21181
4,0.7548,29912
4,0.7542,22852
4,0.7538,30215
4,0.7532,23070
4,0.7523,15602
4,0.7489,35913
4,0.7486,34887
4,0.7473,4560
5,0.821,17375
5,0.7989,14443
5,0.7583,21353
5,0.7583,21453
5,0.7542,9987
5,0.7402,33966
5,0.7377,27307
5,0.7372,13083
5,0.7348,11920
5,0.7342,11996
5,0.7315,25395
5,0.7299,17317
5,0.724,11648
5,0.7238,24449
5,0.7202,21066
5,0.7192,13161
5,0.719,24963
5,0.719,14078
5,0.7157,17345
5,0.7157,27279
5,0.7153,15509
5,0.7153,21306
5,0.7127,29338
5,0.7113,13368
5,0.7108,34224
5,0.7072,12439
5,0.7056,28627
5,0.7029,11322
5,0.7029,33843
5,0.6991,29290
5,0.6987,32866
5,0.6979,19734
5,0.6973,29049
5,0.6966,27186
5,0.693,10619
5,0.693,12409
5,0.6867,18323
5,0.6828,19614
5,0.6812,13144
5,0.6796,37889
5,0.6783,9272
5,0.6778,30063
5,0.6778,31769
5,0.6746,18152
5,0.6746,32174
5,0.6736,12354
5,0.6736,21644
5,0.6728,36614
5,0.6722,11167
5,0.6722,15026
6,0.8333,3371
6,0.8333,3388
6,0.8333,7088
6,0.7899,19397
6,0.7854,34061
6,0.7644,10565
6,0.7602,20622
6,0.7583,17236
6,0.7583,33071
6,0.7569,11472
6,0.7542,32330
6,0.7464,34991
6,0.739,38664
6,0.7323,9639
6,0.7292,34384
6,0.727,17304
6,0.7267,1314
6,0.7267,4784
6,0.7222,4023
6,0.7222,5563
6,0.7222,36954
6,0.7202,7533
6,0.7056,37206
6,0.6987,10323
6,0.6979,9498
6,0.6977,35420
6,0.6954,22374
6,0.6927,33291
6,0.6894,16009
6,0.6894,19428
6,0.6894,20620
6,0.6867,22537
6,0.6828,19811
6,0.6828,25553
6,0.6828,31254
6,0.6828,33155
6,0.6814,30987
6,0.6779,35088
6,0.6778,21837
6,0.6763,34451
6,0.6759,13531
6,0.6759,2323
6,0.6759,21140
6,0.6746,12954
6,0.6736,1784
6,0.6736,27396
6,0.6728,28079
6,0.6722,1855
6,0.6717,8580
6,0.6717,35481
7,0.8056,19867
7,0.7931,26607
7,0.7929,15085
7,0.7756,17354
7,0.7749,17077
7,0.7722,25762
7,0.7722,30016
7,0.7579,26485
7,0.756,14843
7,0.7535,18308
7,0.7372,17725
7,0.7372,21696
7,0.737,1368
7,0.7323,33391
7,0.7267,22826
7,0.7245,37800
7,0.7202,10902
7,0.7194,29870
7,0.7157,31194
7,0.7149,36437
7,0.6987,17930
7,0.6979,38853
7,0.6955,39100
7,0.693,21825
7,0.6914,34882
7,0.6905,13775
7,0.6894,22466
7,0.6867,17123
7,0.6845,30657
7,0.6844,37864
7,0.6746,13957
7,0.6728,18228
7,0.6728,20808
7,0.6713,23897
7,0.6704,28232
7,0.6631,24124
7,0.6603,36397
7,0.6585,37873
7,0.6583,19302
7,0.6583,12611
7,0.6569,33807
7,0.6548,10294
7,0.6548,21900
7,0.6542,16962
7,0.6503,15198
7,0.6488,9591
7,0.6488,36942
7,0.6435,21439
7,0.6418,31893
7,0.6404,25133
8,0.8611,2408
8,0.8274,30584
8,0.8177,8542
8,0.816,25470
8,0.8118,22355
8,0.808,39325
8,0.7789,35359
8,0.7698,4473
8,0.7667,21718
8,0.7585,20190
8,0.7546,33861
8,0.7546,40399
8,0.7489,40355
8,0.7486,39510
8,0.7469,11193
8,0.7464,31565
8,0.7446,3596
8,0.7421,39517
8,0.7412,28511
8,0.7412,29849
8,0.7389,17565
8,0.7326,14484
8,0.7299,2118
8,0.7299,21805
8,0.7295,26972
8,0.7285,3762
8,0.7269,31030
8,0.7222,13888
8,0.7222,35410
8,0.7202,20758
8,0.7194,6625
8,0.719,33104
8,0.7153,21749
8,0.7153,28818
8,0.7149,35498
8,0.7099,34476
8,0.7083,2483
8,0.7083,3928
8,0.7083,25270
8,0.7072,25012
8,0.7058,1933
8,0.7056,17806
8,0.7033,28732
8,0.7013,21041
8,0.6987,36142
8,0.6987,37527
8,0.6987,38274
8,0.6973,38893
8,0.6966,30421
8,0.6954,29349
9,0.8704,12069
9,0.7803,15131
9,0.768,25919
9,0.7626,26277
9,0.7547,13196
9,0.7546,40012
9,0.7464,9166
9,0.7389,24919
9,0.7387,19695
9,0.7299,26294
9,0.719,17113
9,0.7157,11616
9,0.7149,34202
9,0.7114,17297
9,0.7042,33855
9,0.7042,9287
9,0.6991,32534
9,0.693,34230
9,0.6926,21897
9,0.688,19353
9,0.6845,34736
9,0.6828,12915
9,0.6828,24010
9,0.6802,31367
9,0.6778,13225
9,0.6746,33839
9,0.6746,35256
9,0.6722,23237
9,0.6713,9723
9,0.6619,13702
9,0.6609,13098
9,0.6594,20065
9,0.6594,32318
9,0.6583,29800
9,0.655,28774
9,0.6548,26287
9,0.6505,35339
9,0.6488,37387
9,0.6481,20827
9,0.6467,11837
9,0.6467,13572
9,0.6467,28435
9,0.6439,35512
9,0.6435,7506
9,0.6435,19214
9,0.6418,14232
9,0.6404,10199
9,0.6354,22093
9,0.6354,24327
9,0.6338,25487
10,0.9909,26532
10,0.9576,38309
10,0.9548,35918
10,0.9544,27071
10,0.8716,18226
10,0.8535,23927
10,0.8141,36349
10,0.8026,28162
10,0.7696,26375
10,0.7615,24937
10,0.7601,18016
10,0.7535,22371
10,0.7412,34293
10,0.7233,33309
10,0.7177,17100
10,0.6979,11849
10,0.6938,20137
10,0.6856,9849
10,0.685,12569
10,0.6845,29609
10,0.6844,2443
10,0.6828,826
10,0.6802,28695
10,0.6778,17173
10,0.6778,33203
10,0.6759,25104
10,0.6746,26788
10,0.6689,27979
10,0.6615,25913
10,0.6603,13163
10,0.6569,19480
10,0.6569,32314
10,0.6565,17870
10,0.652,26815
10,0.651,23387
10,0.6505,26964
10,0.6503,13974
10,0.6488,29326
10,0.6404,21247
10,0.6404,36736
10,0.6389,37158
10,0.6358,10735
10,0.633,24431
10,0.6319,12493
10,0.6319,33973
10,0.6317,25048
10,0.6302,22308
10,0.628,26947
10,0.6214,35975
10,0.6204,26665
11,0.863,38112
11,0.7995,10628
11,0.7485,25770
11,0.727,40139
11,0.7056,14922
11,0.6954,20959
11,0.687,14683
11,0.6828,22019
11,0.6792,20672
11,0.6735,31406
11,0.665,23386
11,0.6623,11487
11,0.6615,40213
11,0.6565,35823
11,0.655,31442
11,0.6517,35249
11,0.6436,28895
11,0.6361,37512
11,0.6354,25078
11,0.6317,40109
11,0.6206,14011
11,0.6174,31358
11,0.6159,36651
11,0.6093,34330
11,0.6069,38531
11,0.6056,26347
11,0.5985,11724
11,0.5972,8333
11,0.5939,12708
11,0.5861,19888
11,0.586,31172
11,0.5853,30792
11,0.5794,13067
11,0.5794,6188
11,0.5792,27599
11,0.5754,27461
11,0.5722,24606
11,0.5677,27209
11,0.5637,36047
11,0.5546,38945
11,0.5503,10849
11,0.5453,31078
11,0.5389,11319
11,0.5387,31370
11,0.5351,29378
11,0.5328,11619
11,0.5324,38383
11,0.5307,12629
11,0.5292,34130
11,0.529,21345
12,0.9158,4951
12,0.907,8589
12,0.9018,8628
12,0.8953,6949
12,0.8948,5156
12,0.8721,28866
12,0.8716,697
12,0.8608,37036
12,0.8433,6655
12,0.8417,5109
12,0.8389,482
12,0.8333,1758
12,0.8333,21941
12,0.8284,1415
12,0.8197,40152
12,0.8178,989
12,0.8135,6916
12,0.8129,7744
12,0.8115,420
12,0.8092,364
12,0.8092,533
12,0.8074,5051
12,0.8052,5197
12,0.804,1902
12,0.7996,481
12,0.7989,9005
12,0.7946,8868
12,0.7946,20410
12,0.7939,4529
12,0.7883,35424
12,0.7883,11046
12,0.7815,220
12,0.7804,5409
12,0.7786,39918
12,0.7784,1984
12,0.7756,7487
12,0.7735,8512
12,0.7714,8525
12,0.7713,1207
12,0.7702,3780
12,0.7694,8364
12,0.7659,5016
12,0.7655,867
12,0.7644,3734
12,0.7633,27566
12,0.7613,38636
12,0.7602,27464
12,0.759,39453
12,0.7585,846
12,0.7552,7058
13,0.8784,35742
13,0.8407,38092
13,0.8374,11217
13,0.784,5580
13,0.7535,37926
13,0.7303,37803
13,0.7222,39692
13,0.719,29339
13,0.7157,40052
13,0.7151,22271
13,0.7118,29344
13,0.7099,12415
13,0.7056,21905
13,0.6991,10456
13,0.693,39572
13,0.6867,18749
13,0.6844,38716
13,0.6814,25978
13,0.6802,5453
13,0.6746,11833
13,0.6728,36629
13,0.6709,8530
13,0.6696,31744
13,0.6626,30208
13,0.6603,23934
13,0.6603,36476
13,0.6583,19103
13,0.6548,39356
13,0.6505,8046
13,0.6488,23614
13,0.6488,35501
13,0.6453,21009
13,0.6435,14028
13,0.6414,12601
13,0.6378,25686
13,0.6358,17395
13,0.6354,37921
13,0.6319,27211
13,0.6319,36322
13,0.6302,36311
13,0.6292,31211
13,0.6264,37628
13,0.6264,39108
13,0.6236,36994
13,0.6218,6815
13,0.6218,14287
13,0.6218,27821
13,0.6218,33629
13,0.6218,35291
13,0.6218,17339
14,0.784,24072
14,0.7151,10134
14,0.6894,13178
14,0.6728,32523
14,0.6717,18188
14,0.6654,5839
14,0.6641,37370
14,0.6565,35448
14,0.6542,24260
14,0.6532,22839
14,0.6467,31005
14,0.6466,25461
14,0.6333,20844
14,0.6319,11628
14,0.6282,39058
14,0.6255,36436
14,0.6218,19136
14,0.6199,34925
14,0.6174,13812
14,0.6069,8504
14,0.6056,36485
14,0.6048,18520
14,0.6033,33299
14,0.6026,21150
14,0.5991,32134
14,0.5957,10209
14,0.594,9220
14,0.5934,8549
14,0.5931,26315
14,0.5894,33414
14,0.5881,11939
14,0.5877,31638
14,0.5877,176
14,0.5833,20157
14,0.5808,3667
14,0.5794,16333
14,0.5794,24712
14,0.5794,32071
14,0.5794,32611
14,0.5762,15836
14,0.5754,35063
14,0.5725,10156
14,0.5722,9661
14,0.5722,27046
14,0.5694,28980
14,0.5677,10754
14,0.5677,14181
14,0.5677,32161
14,0.5648,18094
14,0.5633,12462
15,0.8487,23465
15,0.7731,9459
15,0.7722,20378
15,0.7667,18571
15,0.7465,31750
15,0.7464,35038
15,0.7464,38395
15,0.7386,24156
15,0.7348,25959
15,0.7215,23290
15,0.7189,14420
15,0.7153,38869
15,0.7149,13220
15,0.7147,10531
15,0.7099,27557
15,0.7052,23860
15,0.7042,24605
15,0.7029,36155
15,0.6987,33298
15,0.6973,25683
15,0.6959,24412
15,0.693,13232
15,0.693,15127
15,0.693,36277
15,0.691,33306
15,0.6866,15842
15,0.6845,15033
15,0.6802,14631
15,0.6771,10546
15,0.6722,21802
15,0.6717,11692
15,0.6709,13344
15,0.6704,20963
15,0.6704,25559
15,0.6678,10920
15,0.6651,21544
15,0.6645,24978
15,0.6631,21646
15,0.6623,37943
15,0.6623,35372
15,0.6615,22121
15,0.6594,10846
15,0.6594,13125
15,0.6583,10922
15,0.6583,10978
15,0.6583,15480
15,0.6581,26627
15,0.6565,24308
15,0.655,21533
15,0.655,9314
16,0.8806,5461
16,0.8773,5460
16,0.8576,5477
16,0.8546,2173
16,0.8481,3590
16,0.8441,3981
16,0.8441,5491
16,0.8411,1441
16,0.838,3601
16,0.837,5381
16,0.8368,2497
16,0.8333,583
16,0.8284,3366
16,0.827,6258
16,0.8266,5024
16,0.8234,7393
16,0.8209,355
16,0.8177,5413
16,0.8177,7836
16,0.8145,5772
16,0.8141,463
16,0.8098,8502
16,0.8089,6479
16,0.8085,3554
16,0.8079,5415
16,0.8048,4400
16,0.8026,9098
16,0.799,5061
16,0.799,6500
16,0.7986,207
16,0.7986,3723
16,0.7986,28113
16,0.7973,609
16,0.7973,4179
16,0.7956,4293
16,0.795,4650
16,0.7944,5013
16,0.7939,2452
16,0.7936,393
16,0.7925,3383
16,0.7917,394
16,0.7917,5170
16,0.7917,6524
16,0.7909,1100
16,0.7908,2797
16,0.7908,5443
16,0.7908,6066
16,0.7899,2627
16,0.7899,6943
16,0.7897,6942
17,0.8177,24683
17,0.8135,22170
17,0.8091,26148
17,0.7895,11976
17,0.7877,10021
17,0.7789,40392
17,0.7745,35891
17,0.7667,19115
17,0.7593,19241
17,0.756,16704
17,0.756,25118
17,0.7546,17390
17,0.7476,34396
17,0.7456,13517
17,0.7421,18599
17,0.742,14079
17,0.7412,17347
17,0.7412,29082
17,0.7381,15010
17,0.737,10865
17,0.7363,22560
17,0.7346,19748
17,0.7323,10683
17,0.7235,34946
17,0.7222,37302
17,0.7197,13148
17,0.7159,33754
17,0.7083,17355
17,0.6996,32433
17,0.6987,16050
17,0.6981,17348
17,0.6979,37781
17,0.6973,19063
17,0.6954,13999
17,0.6944,31499
17,0.6944,31363
17,0.693,12343
17,0.693,25014
17,0.693,32781
17,0.6927,33593
17,0.6927,8775
17,0.6924,29409
17,0.6919,15803
17,0.6894,25535
17,0.6883,28047
17,0.6867,17911
17,0.6867,25473
17,0.6843,35198
17,0.6828,19911
17,0.6802,8326
18,0.8758,25371
18,0.8728,21608
18,0.8711,10461
18,0.8455,28420
18,0.8233,26027
18,0.821,29998
18,0.8202,20666
18,0.8177,20095
18,0.8146,38568
18,0.8121,10330
18,0.8118,31296
18,0.8102,20724
18,0.8099,10155
18,0.808,33898
18,0.8067,11930
18,0.806,32610
18,0.8048,23751
18,0.7996,22917
18,0.799,16627
18,0.7989,25791
18,0.7929,38588
18,0.7899,13478
18,0.7866,22267
18,0.7865,24572
18,0.7862,32791
18,0.7848,35561
18,0.7842,15007
18,0.7833,23241
18,0.7824,19961
18,0.7824,21957
18,0.7796,34109
18,0.7784,38198
18,0.7763,15099
18,0.7762,11362
18,0.7756,33715
18,0.7739,15295
18,0.7735,13627
18,0.7718,20916
18,0.7713,22789
18,0.7698,17423
18,0.7698,19380
18,0.7696,20035
18,0.7695,2799
18,0.7683,29866
18,0.7682,32252
18,0.7667,34735
18,0.7622,28574
18,0.7585,11980
18,0.7569,36038
18,0.7552,12367
19,0.8202,15909
19,0.8141,33057
19,0.7989,33935
19,0.7986,16513
19,0.7946,40141
19,0.7899,14036
19,0.7883,17188
19,0.7883,35259
19,0.7872,34954
19,0.7861,12694
19,0.784,31348
19,0.7831,29189
19,0.7824,36912
19,0.7803,18363
19,0.7792,28536
19,0.7762,15471
19,0.7756,19096
19,0.7637,17875
19,0.7626,35818
19,0.7593,23612
19,0.7552,18603
19,0.7525,29699
19,0.7476,22650
19,0.7464,20888
19,0.7456,9297
19,0.7389,18780
19,0.7358,22831
19,0.7352,40442
19,0.7351,29479
19,0.7348,19368
19,0.7342,29752
19,0.7326,39178
19,0.7305,37897
19,0.7303,26826
19,0.7271,37694
19,0.7267,25863
19,0.7267,28441
19,0.7259,12714
19,0.724,12339
19,0.724,22361
19,0.724,24301
19,0.7222,38166
19,0.7222,30640
19,0.7222,16238
19,0.7222,30216
19,0.7202,16989
19,0.7202,23528
19,0.719,14781
19,0.7189,40449
19,0.7177,14851
20,0.8481,11558
20,0.8259,8489
20,0.7615,2260
20,0.7482,2881
20,0.7389,24885
20,0.7348,13356
20,0.7342,27486
20,0.7189,8509
20,0.7157,1402
20,0.7108,19249
20,0.7103,10008
20,0.7068,40349
20,0.7058,4782
20,0.702,24267
20,0.6954,6951
20,0.6894,25650
20,0.6856,22930
20,0.6802,26278
20,0.6717,7034
20,0.6709,18041
20,0.6701,32779
20,0.6701,20782
20,0.6699,11336
20,0.6629,32528
20,0.6603,5885
20,0.6569,5784
20,0.6565,22922
20,0.6558,20618
20,0.655,34255
20,0.6515,8029
20,0.6512,31434
20,0.6505,5522
20,0.6488,21283
20,0.6453,39474
20,0.6453,24535
20,0.6452,39251
20,0.645,1998
20,0.6406,3491
20,0.6389,6867
20,0.6376,39992
20,0.6376,28361
20,0.6358,3073
20,0.6354,36648
20,0.6319,19840
20,0.6319,24182
20,0.6313,27116
20,0.6307,3330
20,0.6299,39875
20,0.6276,12698
20,0.627,23136
21,0.8067,38429
21,0.8037,31129
21,0.7917,1283
21,0.784,20679
21,0.7824,29535
21,0.7659,9341
21,0.7613,25605
21,0.7585,38292
21,0.756,28515
21,0.7552,27164
21,0.7538,5030
21,0.7528,10744
21,0.7456,31170
21,0.7396,30140
21,0.7389,21821
21,0.7358,39855
21,0.7323,34220
21,0.7323,3242
21,0.7303,25410
21,0.7299,29581
21,0.7294,35416
21,0.7292,3445
21,0.7271,37626
21,0.724,17385
21,0.724,40256
21,0.7222,21064
21,0.7222,29225
21,0.719,26053
21,0.7157,19339
21,0.7157,30939
21,0.7153,13981
21,0.7099,26920
21,0.7099,38259
21,0.7094,37817
21,0.7057,32432
21,0.7056,9554
21,0.7056,15038
21,0.7033,4422
21,0.7029,25350
21,0.702,24491
21,0.6991,36861
21,0.6979,32623
21,0.6966,15751
21,0.6955,4682
21,0.6936,36929
21,0.693,13181
21,0.6927,32572
21,0.6905,12015
21,0.6905,13688
21,0.6905,14649
22,0.8177,13121
22,0.7992,29791
22,0.7722,33567
22,0.7473,35675
22,0.7348,35714
22,0.7222,10715
22,0.7099,40075
22,0.7019,34960
22,0.6955,21793
22,0.6894,17452
22,0.6886,14887
22,0.6828,37053
22,0.6796,28149
22,0.6759,19571
22,0.6759,28531
22,0.6746,26316
22,0.6728,8474
22,0.6728,33514
22,0.6713,20646
22,0.6641,39954
22,0.6629,35960
22,0.6594,13562
22,0.6583,38696
22,0.6583,205
22,0.6576,38114
22,0.6569,14386
22,0.6569,29755
22,0.6542,35877
22,0.6493,32074
22,0.6488,14140
22,0.6467,28288
22,0.6439,31862
22,0.6414,31298
22,0.6404,16244
22,0.6394,5009
22,0.6389,37268
22,0.6361,10603
22,0.6358,31566
22,0.6354,7669
22,0.6354,23746
22,0.6354,38206
22,0.6341,31162
22,0.6319,22985
22,0.6318,20154
22,0.631,25647
22,0.6285,32959
22,0.6264,13526
22,0.6233,30091
22,0.6194,6116
22,0.6184,26777
23,0.8803,4735
23,0.8803,4918
23,0.8759,4869
23,0.8752,4753
23,0.8593,4651
23,0.7887,4585
23,0.7602,14159
23,0.7147,24538
23,0.7056,34685
23,0.6944,27883
23,0.6939,35217
23,0.6891,35105
23,0.6867,32056
23,0.685,37670
23,0.6815,23360
23,0.6763,15300
23,0.6753,24372
23,0.6736,12082
23,0.6717,11991
23,0.664,25278
23,0.6609,36084
23,0.6583,14180
23,0.6542,34577
23,0.6505,32818
23,0.6493,17544
23,0.6488,36515
23,0.6439,36714
23,0.6439,11349
23,0.6439,30195
23,0.6389,11988
23,0.6358,14486
23,0.6354,31502
23,0.6299,14247
23,0.6273,34235
23,0.6264,23170
23,0.6218,13521
23,0.6188,14401
23,0.6174,19539
23,0.613,39994
23,0.6111,27444
23,0.6111,37452
23,0.6096,368
23,0.609,23035
23,0.6056,39866
23,0.6048,13696
23,0.5996,30872
23,0.5995,35386
23,0.5988,21562
23,0.5943,23722
23,0.592,12859
24,0.8082,10649
24,0.8056,36729
24,0.7989,26170
24,0.7824,36055
24,0.7698,40003
24,0.7659,34600
24,0.7476,25527
24,0.7469,18811
24,0.7464,28533
24,0.7409,38475
24,0.7405,33492
24,0.7402,19299
24,0.7365,9750
24,0.7315,14711
24,0.727,35744
24,0.7269,11405
24,0.7267,20070
24,0.7267,31634
24,0.7222,10052
24,0.7202,10645
24,0.7202,13177
24,0.7201,19960
24,0.7194,25581
24,0.7167,39618
24,0.7153,22614
24,0.7153,37401
24,0.7148,21649
24,0.7083,29799
24,0.7056,23837
24,0.7029,14956
24,0.702,12819
24,0.7013,28205
24,0.6994,29147
24,0.6991,30244
24,0.6987,25540
24,0.6954,17073
24,0.6944,26849
24,0.6905,36435
24,0.6894,24630
24,0.6888,26154
24,0.6845,16875
24,0.6844,25588
24,0.6833,22548
24,0.6814,11324
24,0.6792,18483
24,0.6789,38029
24,0.6759,25796
24,0.6722,25979
24,0.6713,25356
24,0.6691,26916
25,0.866,13038
25,0.8131,12566
25,0.8089,14100
25,0.8065,32590
25,0.7986,26638
25,0.7901,5952
25,0.7899,34612
25,0.7803,14105
25,0.7639,5962
25,0.7626,3441
25,0.7626,19896
25,0.7601,12487
25,0.7583,27093
25,0.7573,4837
25,0.7569,18093
25,0.7569,35630
25,0.7532,5711
25,0.7464,13718
25,0.737,15758
25,0.7358,18350
25,0.7299,14483
25,0.7292,38183
25,0.7229,3500
25,0.7222,24903
25,0.7157,23625
25,0.7151,9106
25,0.7147,10579
25,0.6987,15179
25,0.6979,522
25,0.6979,7603
25,0.6979,13556
25,0.6954,21770
25,0.6905,34515
25,0.6894,28044
25,0.6894,29530
25,0.6871,37420
25,0.6845,14272
25,0.6845,20669
25,0.6833,24479
25,0.6802,13372
25,0.6778,5149
25,0.6778,8331
25,0.6778,14008
25,0.6778,21731
25,0.6778,25029
25,0.6778,37356
25,0.6775,31874
25,0.6759,10980
25,0.6759,30226
25,0.6736,16401
26,0.8626,30197
26,0.8465,3035
26,0.8333,8194
26,0.8284,9861
26,0.799,9899
26,0.799,17215
26,0.7899,22262
26,0.7883,2439
26,0.784,8749
26,0.7695,31141
26,0.7694,6555
26,0.7626,4704
26,0.7583,16129
26,0.7581,22011
26,0.7558,3182
26,0.7552,34228
26,0.7551,34785
26,0.7479,5550
26,0.7473,3310
26,0.7438,9730
26,0.7433,18399
26,0.7412,2670
26,0.7381,36897
26,0.7372,8223
26,0.7315,5686
26,0.7299,11820
26,0.7299,22298
26,0.724,18917
26,0.724,11714
26,0.7201,5204
26,0.719,30896
26,0.7167,1212
26,0.716,13069
26,0.7153,7018
26,0.7147,19832
26,0.7118,5238
26,0.7114,934
26,0.7114,526
26,0.7099,1934
26,0.7083,30967
26,0.7013,2420
26,0.6993,3844
26,0.6991,23027
26,0.6954,2756
26,0.6954,4351
26,0.6927,17155
26,0.6927,9335
26,0.6927,16458
26,0.6894,3404
26,0.6871,5984
27,0.7735,10126
27,0.7703,10376
27,0.7626,21786
27,0.7568,26967
27,0.7482,20920
27,0.7464,4156
27,0.7248,20715
27,0.7241,16555
27,0.7202,13027
27,0.7157,25412
27,0.7083,33255
27,0.7047,39673
27,0.6966,36920
27,0.693,156
27,0.6905,37327
27,0.6905,34951
27,0.6867,28090
27,0.6856,9798
27,0.6808,29644
27,0.6802,25284
27,0.6792,16293
27,0.6759,17202
27,0.6728,10201
27,0.6685,18490
27,0.6638,25137
27,0.6629,16121
27,0.6624,36835
27,0.6609,22329
27,0.6594,13541
27,0.6571,9240
27,0.6569,6036
27,0.6561,35558
27,0.6548,14320
27,0.652,27429
27,0.6505,37035
27,0.6478,23138
27,0.6435,6639
27,0.6418,26055
27,0.6414,28057
27,0.6361,15210
27,0.6333,20969
27,0.6264,21187
27,0.6264,29778
27,0.6258,20491
27,0.6235,28034
27,0.6233,30431
27,0.6233,33738
27,0.623,22408
27,0.6217,17885
27,0.6206,24781
28,0.8785,18914
28,0.8371,3903
28,0.8333,15528
28,0.8284,7685
28,0.8202,5309
28,0.8178,6859
28,0.816,40351
28,0.8121,28897
28,0.8118,25775
28,0.8118,34093
28,0.8106,15025
28,0.8102,17035
28,0.8089,8026
28,0.8042,392
28,0.8037,16260
28,0.7989,24071
28,0.7986,3578
28,0.7908,20309
28,0.7904,37896
28,0.7899,197
28,0.7862,18019
28,0.784,11020
28,0.7803,2108
28,0.7803,3290
28,0.7803,9211
28,0.7796,5338
28,0.7792,36468
28,0.7789,2262
28,0.7765,19326
28,0.7762,33676
28,0.7762,7469
28,0.7762,22914
28,0.7713,3659
28,0.7713,20463
28,0.7708,15707
28,0.7698,12407
28,0.7684,34823
28,0.7667,1907
28,0.7645,2309
28,0.7644,6910
28,0.7644,20112
28,0.7639,7042
28,0.7626,18416
28,0.7615,17635
28,0.7613,650
28,0.7613,847
28,0.7602,4649
28,0.7583,286
28,0.7583,20659
28,0.7552,20028
29,0.8547,1546
29,0.7883,6900
29,0.7786,385
29,0.7708,31812
29,0.7672,4316
29,0.7667,997
29,0.7464,18629
29,0.7456,6108
29,0.7389,6233
29,0.7372,5948
29,0.7372,8862
29,0.7348,28647
29,0.7323,4406
29,0.7315,2224
29,0.7285,4471
29,0.724,4207
29,0.721,33266
29,0.7202,4200
29,0.719,23903
29,0.7177,5809
29,0.7072,8133
29,0.7068,6890
29,0.7042,30025
29,0.7029,36171
29,0.7029,40090
29,0.702,5107
29,0.6987,7364
29,0.6979,4391
29,0.6954,37228
29,0.6949,6387
29,0.6939,4993
29,0.6927,3128
29,0.6927,31408
29,0.6926,19685
29,0.6924,4788
29,0.6905,302
29,0.6894,11024
29,0.6894,17467
29,0.6894,25435
29,0.6894,37907
29,0.6867,6884
29,0.6867,30548
29,0.6828,8301
29,0.6783,863
29,0.6779,26689
29,0.6746,7818
29,0.6746,17302
29,0.6736,3496
29,0.6704,24950
29,0.6701,33421
30,0.7398,24013
30,0.7342,16607
30,0.7185,25701
30,0.7178,11650
30,0.7178,30044
30,0.7157,30994
30,0.7153,11905
30,0.7151,22053
30,0.7147,25006
30,0.7099,19405
30,0.7046,30950
30,0.7024,14903
30,0.6991,18993
30,0.6987,35396
30,0.6894,31069
30,0.687,29278
30,0.6861,33353
30,0.6824,12228
30,0.6792,13527
30,0.6714,16362
30,0.6594,32773
30,0.6583,28168
30,0.655,29034
30,0.6525,26256
30,0.6481,29228
30,0.6469,18248
30,0.6453,13077
30,0.6406,26814
30,0.6404,17308
30,0.6389,9333
30,0.6362,12038
30,0.636,16420
30,0.636,33577
30,0.6347,9996
30,0.6285,22193
30,0.6261,29700
30,0.6225,23666
30,0.6201,30992
30,0.6156,24097
30,0.6131,10903
30,0.6131,9843
30,0.6126,17839
30,0.6111,26302
30,0.6083,26541
30,0.6069,38406
30,0.6048,31592
30,0.6048,34129
30,0.603,27978
30,0.6024,33398
30,0.6019,13783
